<?xml version="1.0" encoding="UTF-8"?>
<addon id="repository.motylcinema" name="Motýľ Cinema Repo" version="1.0.0" provider-name="MotylTeam">
    <extension point="xbmc.addon.repository" name="Motýľ Cinema Repository">
        <dir>
            <info compressed="false">https://example.com/repository.motylcinema/addons.xml</info>
            <checksum>https://example.com/repository.motylcinema/addons.xml.md5</checksum>
            <datadir>https://example.com/repository.motylcinema/</datadir>
        </dir>
    </extension>
    <extension point="xbmc.addon.metadata">
        <summary lang="sk">Repozitár pre addon Motýľ Cinema</summary>
        <description lang="sk">Repozitár pre jednoduchú inštaláciu a aktualizáciu Motýľ Cinema.</description>
        <platform>all</platform>
    </extension>
</addon>
